-- MySQL dump 10.13  Distrib 8.0.30, for Win64 (x86_64)
--
-- Host: localhost    Database: cinemareservation
-- ------------------------------------------------------
-- Server version	8.0.30

/*!40101 SET @OLD_CHARACTER_SET_CLIENT=@@CHARACTER_SET_CLIENT */;
/*!40101 SET @OLD_CHARACTER_SET_RESULTS=@@CHARACTER_SET_RESULTS */;
/*!40101 SET @OLD_COLLATION_CONNECTION=@@COLLATION_CONNECTION */;
/*!50503 SET NAMES utf8mb4 */;
/*!40103 SET @OLD_TIME_ZONE=@@TIME_ZONE */;
/*!40103 SET TIME_ZONE='+00:00' */;
/*!40014 SET @OLD_UNIQUE_CHECKS=@@UNIQUE_CHECKS, UNIQUE_CHECKS=0 */;
/*!40014 SET @OLD_FOREIGN_KEY_CHECKS=@@FOREIGN_KEY_CHECKS, FOREIGN_KEY_CHECKS=0 */;
/*!40101 SET @OLD_SQL_MODE=@@SQL_MODE, SQL_MODE='NO_AUTO_VALUE_ON_ZERO' */;
/*!40111 SET @OLD_SQL_NOTES=@@SQL_NOTES, SQL_NOTES=0 */;

--
-- Table structure for table `cinema`
--

DROP TABLE IF EXISTS `cinema`;
/*!40101 SET @saved_cs_client     = @@character_set_client */;
/*!50503 SET character_set_client = utf8mb4 */;
CREATE TABLE `cinema` (
  `ID` int NOT NULL AUTO_INCREMENT,
  `Nom` varchar(50) DEFAULT NULL,
  `Adresse` varchar(100) DEFAULT NULL,
  PRIMARY KEY (`ID`)
) ENGINE=InnoDB AUTO_INCREMENT=3 DEFAULT CHARSET=utf8mb4 COLLATE=utf8mb4_0900_ai_ci;
/*!40101 SET character_set_client = @saved_cs_client */;

--
-- Dumping data for table `cinema`
--

LOCK TABLES `cinema` WRITE;
/*!40000 ALTER TABLE `cinema` DISABLE KEYS */;
INSERT INTO `cinema` VALUES (1,'Cinema Central','123 Rue du Cinéma'),(2,'Cinema Paradis','456 Avenue des Films');
/*!40000 ALTER TABLE `cinema` ENABLE KEYS */;
UNLOCK TABLES;

--
-- Table structure for table `client`
--

DROP TABLE IF EXISTS `client`;
/*!40101 SET @saved_cs_client     = @@character_set_client */;
/*!50503 SET character_set_client = utf8mb4 */;
CREATE TABLE `client` (
  `ID` int NOT NULL AUTO_INCREMENT,
  `Nom` varchar(50) DEFAULT NULL,
  `Prenom` varchar(50) DEFAULT NULL,
  PRIMARY KEY (`ID`)
) ENGINE=InnoDB AUTO_INCREMENT=5 DEFAULT CHARSET=utf8mb4 COLLATE=utf8mb4_0900_ai_ci;
/*!40101 SET character_set_client = @saved_cs_client */;

--
-- Dumping data for table `client`
--

LOCK TABLES `client` WRITE;
/*!40000 ALTER TABLE `client` DISABLE KEYS */;
INSERT INTO `client` VALUES (1,'Dupont','Jean'),(2,'Martin','Sophie'),(3,'Tervil','Ilan'),(4,'Dubois','Jean');
/*!40000 ALTER TABLE `client` ENABLE KEYS */;
UNLOCK TABLES;

--
-- Table structure for table `film`
--

DROP TABLE IF EXISTS `film`;
/*!40101 SET @saved_cs_client     = @@character_set_client */;
/*!50503 SET character_set_client = utf8mb4 */;
CREATE TABLE `film` (
  `ID` int NOT NULL AUTO_INCREMENT,
  `Titre` varchar(100) DEFAULT NULL,
  `Duree` int DEFAULT NULL,
  PRIMARY KEY (`ID`)
) ENGINE=InnoDB AUTO_INCREMENT=3 DEFAULT CHARSET=utf8mb4 COLLATE=utf8mb4_0900_ai_ci;
/*!40101 SET character_set_client = @saved_cs_client */;

--
-- Dumping data for table `film`
--

LOCK TABLES `film` WRITE;
/*!40000 ALTER TABLE `film` DISABLE KEYS */;
INSERT INTO `film` VALUES (1,'Avengers: Endgame',180),(2,'Inception',148);
/*!40000 ALTER TABLE `film` ENABLE KEYS */;
UNLOCK TABLES;

--
-- Table structure for table `reservation`
--

DROP TABLE IF EXISTS `reservation`;
/*!40101 SET @saved_cs_client     = @@character_set_client */;
/*!50503 SET character_set_client = utf8mb4 */;
CREATE TABLE `reservation` (
  `ID` int NOT NULL AUTO_INCREMENT,
  `ClientID` int DEFAULT NULL,
  `SeanceID` int DEFAULT NULL,
  `NombrePlaces` int DEFAULT NULL,
  `TarifID` int DEFAULT NULL,
  PRIMARY KEY (`ID`),
  KEY `ClientID` (`ClientID`),
  KEY `SeanceID` (`SeanceID`),
  KEY `TarifID` (`TarifID`),
  CONSTRAINT `reservation_ibfk_1` FOREIGN KEY (`ClientID`) REFERENCES `client` (`ID`),
  CONSTRAINT `reservation_ibfk_2` FOREIGN KEY (`SeanceID`) REFERENCES `seance` (`ID`),
  CONSTRAINT `reservation_ibfk_3` FOREIGN KEY (`TarifID`) REFERENCES `tarif` (`ID`)
) ENGINE=InnoDB AUTO_INCREMENT=3 DEFAULT CHARSET=utf8mb4 COLLATE=utf8mb4_0900_ai_ci;
/*!40101 SET character_set_client = @saved_cs_client */;

--
-- Dumping data for table `reservation`
--

LOCK TABLES `reservation` WRITE;
/*!40000 ALTER TABLE `reservation` DISABLE KEYS */;
INSERT INTO `reservation` VALUES (1,1,1,3,1),(2,2,2,2,2);
/*!40000 ALTER TABLE `reservation` ENABLE KEYS */;
UNLOCK TABLES;

--
-- Table structure for table `salle`
--

DROP TABLE IF EXISTS `salle`;
/*!40101 SET @saved_cs_client     = @@character_set_client */;
/*!50503 SET character_set_client = utf8mb4 */;
CREATE TABLE `salle` (
  `ID` int NOT NULL AUTO_INCREMENT,
  `CinemaID` int DEFAULT NULL,
  `Nom` varchar(50) DEFAULT NULL,
  `Capacite` int DEFAULT NULL,
  PRIMARY KEY (`ID`),
  KEY `CinemaID` (`CinemaID`),
  CONSTRAINT `salle_ibfk_1` FOREIGN KEY (`CinemaID`) REFERENCES `cinema` (`ID`)
) ENGINE=InnoDB AUTO_INCREMENT=5 DEFAULT CHARSET=utf8mb4 COLLATE=utf8mb4_0900_ai_ci;
/*!40101 SET character_set_client = @saved_cs_client */;

--
-- Dumping data for table `salle`
--

LOCK TABLES `salle` WRITE;
/*!40000 ALTER TABLE `salle` DISABLE KEYS */;
INSERT INTO `salle` VALUES (1,1,'Salle A',100),(2,1,'Salle B',80),(3,2,'Salle 1',120),(4,2,'Salle 2',90);
/*!40000 ALTER TABLE `salle` ENABLE KEYS */;
UNLOCK TABLES;

--
-- Table structure for table `seance`
--

DROP TABLE IF EXISTS `seance`;
/*!40101 SET @saved_cs_client     = @@character_set_client */;
/*!50503 SET character_set_client = utf8mb4 */;
CREATE TABLE `seance` (
  `ID` int NOT NULL AUTO_INCREMENT,
  `FilmID` int DEFAULT NULL,
  `SalleID` int DEFAULT NULL,
  `DateHeure` datetime DEFAULT NULL,
  PRIMARY KEY (`ID`),
  KEY `FilmID` (`FilmID`),
  KEY `SalleID` (`SalleID`),
  CONSTRAINT `seance_ibfk_1` FOREIGN KEY (`FilmID`) REFERENCES `film` (`ID`),
  CONSTRAINT `seance_ibfk_2` FOREIGN KEY (`SalleID`) REFERENCES `salle` (`ID`)
) ENGINE=InnoDB AUTO_INCREMENT=3 DEFAULT CHARSET=utf8mb4 COLLATE=utf8mb4_0900_ai_ci;
/*!40101 SET character_set_client = @saved_cs_client */;

--
-- Dumping data for table `seance`
--

LOCK TABLES `seance` WRITE;
/*!40000 ALTER TABLE `seance` DISABLE KEYS */;
INSERT INTO `seance` VALUES (1,1,1,'2023-08-10 18:00:00'),(2,2,2,'2023-08-11 15:30:00');
/*!40000 ALTER TABLE `seance` ENABLE KEYS */;
UNLOCK TABLES;

--
-- Table structure for table `tarif`
--

DROP TABLE IF EXISTS `tarif`;
/*!40101 SET @saved_cs_client     = @@character_set_client */;
/*!50503 SET character_set_client = utf8mb4 */;
CREATE TABLE `tarif` (
  `ID` int NOT NULL AUTO_INCREMENT,
  `Type` varchar(20) DEFAULT NULL,
  `Montant` decimal(5,2) DEFAULT NULL,
  PRIMARY KEY (`ID`)
) ENGINE=InnoDB AUTO_INCREMENT=4 DEFAULT CHARSET=utf8mb4 COLLATE=utf8mb4_0900_ai_ci;
/*!40101 SET character_set_client = @saved_cs_client */;

--
-- Dumping data for table `tarif`
--

LOCK TABLES `tarif` WRITE;
/*!40000 ALTER TABLE `tarif` DISABLE KEYS */;
INSERT INTO `tarif` VALUES (1,'Plein tarif',9.20),(2,'Étudiant',7.60),(3,'Moins de 14 ans',5.90);
/*!40000 ALTER TABLE `tarif` ENABLE KEYS */;
UNLOCK TABLES;

--
-- Table structure for table `utilisateur`
--

DROP TABLE IF EXISTS `utilisateur`;
/*!40101 SET @saved_cs_client     = @@character_set_client */;
/*!50503 SET character_set_client = utf8mb4 */;
CREATE TABLE `utilisateur` (
  `ID` int NOT NULL AUTO_INCREMENT,
  `NomUtilisateur` varchar(50) DEFAULT NULL,
  `MotDePasse` varchar(50) DEFAULT NULL,
  `Role` varchar(20) DEFAULT NULL,
  `CinemaID` int DEFAULT NULL,
  PRIMARY KEY (`ID`),
  KEY `CinemaID` (`CinemaID`),
  CONSTRAINT `utilisateur_ibfk_1` FOREIGN KEY (`CinemaID`) REFERENCES `cinema` (`ID`)
) ENGINE=InnoDB AUTO_INCREMENT=5 DEFAULT CHARSET=utf8mb4 COLLATE=utf8mb4_0900_ai_ci;
/*!40101 SET character_set_client = @saved_cs_client */;

--
-- Dumping data for table `utilisateur`
--

LOCK TABLES `utilisateur` WRITE;
/*!40000 ALTER TABLE `utilisateur` DISABLE KEYS */;
INSERT INTO `utilisateur` VALUES (1,'admin_central','motdepasse','Admin',1),(2,'admin_paradis','123456','Admin',2),(3,'user_paradis','azertyuiop','User',2),(4,'user_central','azertyuiop','User',1);
/*!40000 ALTER TABLE `utilisateur` ENABLE KEYS */;
UNLOCK TABLES;
/*!40103 SET TIME_ZONE=@OLD_TIME_ZONE */;

/*!40101 SET SQL_MODE=@OLD_SQL_MODE */;
/*!40014 SET FOREIGN_KEY_CHECKS=@OLD_FOREIGN_KEY_CHECKS */;
/*!40014 SET UNIQUE_CHECKS=@OLD_UNIQUE_CHECKS */;
/*!40101 SET CHARACTER_SET_CLIENT=@OLD_CHARACTER_SET_CLIENT */;
/*!40101 SET CHARACTER_SET_RESULTS=@OLD_CHARACTER_SET_RESULTS */;
/*!40101 SET COLLATION_CONNECTION=@OLD_COLLATION_CONNECTION */;
/*!40111 SET SQL_NOTES=@OLD_SQL_NOTES */;

-- Dump completed on 2023-08-09 11:14:43
